<?xml version="1.0" encoding="UTF-8"?>
<metadata xml:lang="en"><Esri><CreaDate>20250520</CreaDate><CreaTime>16080000</CreaTime><ArcGISFormat>1.0</ArcGISFormat><SyncOnce>TRUE</SyncOnce><DataProperties><itemProps><itemLocation><linkage Sync="TRUE">file://\\192.168.1.2\Manager\MRGP_Programs_Work\Research-Education\Staff_Research\NatureHealthGlobalTickStudy\trail2022</linkage><protocol Sync="TRUE">Local Area Network</protocol></itemLocation></itemProps><copyHistory><copy source="X:\GIS_Imagery\MRGP\Mgmt&amp;Res\Trails\trail2022" dest="\\192.168.1.2\Manager\MRGP_Programs_Work\Research-Education\Staff_Research\NatureHealthGlobalTickStudy\trail2022" date="20250520" time="16080000"></copy></copyHistory><lineage><Process ToolSource="c:\program files (x86)\arcgis\desktop10.8\ArcToolbox\Toolboxes\Data Management Tools.tbx\CalculateField" Date="20220627" Time="152812">CalculateField trail2019 GEOTRANS [TRACK] VB #</Process><Process ToolSource="c:\program files\arcgis\pro\Resources\ArcToolbox\Toolboxes\Data Management Tools.tbx\Copy" Date="20250520" Time="160800">Copy X:\GIS_Imagery\MRGP\Mgmt&amp;Res\Trails\trail2022.shp X:\MRGP_Programs_Work\Research-Education\Staff_Research\NatureHealthGlobalTickStudy\trail2022.shp Shapefile #</Process></lineage></DataProperties></Esri></metadata>
