LT_Site,Code,Site_location,Pair,Fence/Unf,Transect #,Segment,SqMSampled,TickCount,All_BL_Ticks,BL_Adults,BL_Nymphs,BL_Larva,All_Dg_Ticks,Dg_Adults,Dg_Nymphs,Dg_Larva,All_ALH_Ticks,ALH_Adults,ALH_Nymphs,ALH_Larva,Collectors,Iders,Temp,RH,DampDry,CloudCover,Canopy cover
MRG,120a,MRG1,1,Unf,0,a,9.0,0,0,0,0,0,0,0,0,0,0,0,0,0,Rachel/Jean-Luc,,68.0,87%,Damp,100%,
MRG,120b,MRG1,1,Unf,0,b,10.0,0,0,0,0,0,0,0,0,0,0,0,0,0,,,,,,,
MRG,120c,MRG1,1,Unf,0,c,10.0,0,0,0,0,0,0,0,0,0,0,0,0,0,,,,,,,
MRG,120d,MRG1,1,Unf,0,d,8.0,0,0,0,0,0,0,0,0,0,0,0,0,0,,,,,,,
MRG,120e,MRG1,1,Unf,0,e,10.0,0,0,0,0,0,0,0,0,0,0,0,0,0,,,,,,,
MRG,120f,MRG1,1,Unf,0,f,10.0,0,0,0,0,0,0,0,0,0,0,0,0,0,,,,,,,
MRG,121a,MRG1,1,Unf,1,a,10.0,0,0,0,0,0,0,0,0,0,0,0,0,0,Cliff/Lanier,,,,,,
MRG,121b,MRG1,1,Unf,1,b,10.0,0,0,0,0,0,0,0,0,0,0,0,0,0,,,,,,,
MRG,121c,MRG1,1,Unf,1,c,10.0,1,1,0,1,0,0,0,0,0,0,0,0,0,,,,,,,
MRG,121d,MRG1,1,Unf,1,d,10.0,0,0,0,0,0,0,0,0,0,0,0,0,0,,,,,,,
MRG,121e,MRG1,1,Unf,1,e,8.66,0,0,0,0,0,0,0,0,0,0,0,0,0,,,,,,,
MRG,121f,MRG1,1,Unf,1,f,10.0,1,1,0,1,0,0,0,0,0,0,0,0,0,,,,,,,
MRG,122a,MRG1,1,Unf,2,a,10.0,0,0,0,0,0,0,0,0,0,0,0,0,0,Rachel/Jean-Luc,,,,,,
MRG,122b,MRG1,1,Unf,2,b,10.0,0,0,0,0,0,0,0,0,0,0,0,0,0,,,,,,,
MRG,122c,MRG1,1,Unf,2,c,10.0,0,0,0,0,0,0,0,0,0,0,0,0,0,,,,,,,
MRG,122d,MRG1,1,Unf,2,d,10.0,0,0,0,0,0,0,0,0,0,0,0,0,0,,,,,,,
MRG,122e,MRG1,1,Unf,2,e,9.0,1,1,0,1,0,0,0,0,0,0,0,0,0,,,,,,,
MRG,122f,MRG1,1,Unf,2,f,10.0,1,1,0,0,1,0,0,0,0,0,0,0,0,,,,,,,
MRG,123a,MRG1,1,Unf,3,a,10.0,0,0,0,0,0,0,0,0,0,0,0,0,0,Cliff/Lanier,,,,,,
MRG,123b,MRG1,1,Unf,3,b,10.0,1,1,0,1,0,0,0,0,0,0,0,0,0,,,,,,,
MRG,123c,MRG1,1,Unf,3,c,10.0,0,0,0,0,0,0,0,0,0,0,0,0,0,,,,,,,
MRG,123d,MRG1,1,Unf,3,d,10.0,0,0,0,0,0,0,0,0,0,0,0,0,0,,,,,,,
MRG,123e,MRG1,1,Unf,3,e,9.67,0,0,0,0,0,0,0,0,0,0,0,0,0,,,,,,,
MRG,123f,MRG1,1,Unf,3,f,10.0,0,0,0,0,0,0,0,0,0,0,0,0,0,,,,,,,
MRG,124a,MRG1,1,Unf,4,a,10.0,0,0,0,0,0,0,0,0,0,0,0,0,0,Rachel/Jean-Luc,,,,,,
MRG,124b,MRG1,1,Unf,4,b,10.0,0,0,0,0,0,0,0,0,0,0,0,0,0,,,,,,,
MRG,124c,MRG1,1,Unf,4,c,10.0,1,1,0,1,0,0,0,0,0,0,0,0,0,,,,,,,
MRG,124d,MRG1,1,Unf,4,d,10.0,1,1,0,1,0,0,0,0,0,0,0,0,0,,,,,,,
MRG,124e,MRG1,1,Unf,4,e,10.0,0,0,0,0,0,0,0,0,0,0,0,0,0,,,,,,,
MRG,124f,MRG1,1,Unf,4,f,9.0,0,0,0,0,0,0,0,0,0,0,0,0,0,Emily/Tina,,,,,,
MRG,120a,MRG1,1,Fence,0,a,9.5,0,0,0,0,0,0,0,0,0,0,0,0,0,,,,,,,
MRG,120b,MRG1,1,Fence,0,b,6.0,0,0,0,0,0,0,0,0,0,0,0,0,0,,,,,,,
MRG,120c,MRG1,1,Fence,0,c,10.0,0,0,0,0,0,0,0,0,0,0,0,0,0,,,,,,,
MRG,120d,MRG1,1,Fence,0,d,8.5,0,0,0,0,0,0,0,0,0,0,0,0,0,,,,,,,
MRG,120e,MRG1,1,Fence,0,e,10.0,0,0,0,0,0,0,0,0,0,0,0,0,0,,,,,,,
MRG,124a,MRG1,1,Fence,4,a,10.0,0,0,0,0,0,0,0,0,0,0,0,0,0,Emily/Tina,,,,,,
MRG,124b,MRG1,1,Fence,4,b,10.0,0,0,0,0,0,0,0,0,0,0,0,0,0,,,,,,,
MRG,124c,MRG1,1,Fence,4,c,10.0,0,0,0,0,0,0,0,0,0,0,0,0,0,,,,,,,
MRG,124d,MRG1,1,Fence,4,d,10.0,0,0,0,0,0,0,0,0,0,0,0,0,0,Cliff/Lanier,,,,,,
MRG,124e,MRG1,1,Fence,4,e,10.0,1,1,0,1,0,0,0,0,0,0,0,0,0,,,,,,,
MRG,124f,MRG1,1,Fence,4,f,10.0,1,1,0,1,0,0,0,0,0,0,0,0,0,,,,,,,
MRG,220a,MRG1,2,Fence,0,a,10.0,0,0,0,0,0,0,0,0,0,0,0,0,0,,,,,,,
MRG,220b,MRG1,2,Fence,0,b,10.0,0,0,0,0,0,0,0,0,0,0,0,0,0,,,,,,,
MRG,220c,MRG1,2,Fence,0,c,10.0,0,0,0,0,0,0,0,0,0,0,0,0,0,,,,,,,
MRG,220d,MRG1,2,Fence,0,d,10.0,0,0,0,0,0,0,0,0,0,0,0,0,0,,,,,,,
MRG,220e,MRG1,2,Fence,0,e,10.0,0,0,0,0,0,0,0,0,0,0,0,0,0,,,,,,,
MRG,220f,MRG1,2,Fence,0,f,9.67,0,0,0,0,0,0,0,0,0,0,0,0,0,,,,,,,
MRG,220g,MRG1,2,Fence,0,g,9.67,0,0,0,0,0,0,0,0,0,0,0,0,0,,,,,,,
MRG,220h,MRG1,2,Fence,0,h,10.0,0,0,0,0,0,0,0,0,0,0,0,0,0,,,,,,,
MRG,221a,MRG1,2,Fence,1,a,10.0,0,0,0,0,0,0,0,0,0,0,0,0,0,Emily/Charlotte,,,,,,
MRG,221b,MRG1,2,Fence,1,b,10.0,0,0,0,0,0,0,0,0,0,0,0,0,0,,,,,,,
MRG,221c,MRG1,2,Fence,1,c,10.0,0,0,0,0,0,0,0,0,0,0,0,0,0,,,,,,,
MRG,221d,MRG1,2,Fence,1,d,10.0,0,0,0,0,0,0,0,0,0,0,0,0,0,,,,,,,
MRG,221e,MRG1,2,Fence,1,e,10.0,0,0,0,0,0,0,0,0,0,0,0,0,0,,,,,,,
MRG,221f,MRG1,2,Fence,1,f,10.0,0,0,0,0,0,0,0,0,0,0,0,0,0,,,,,,,
MRG,221g,MRG1,2,Fence,1,g,10.0,0,0,0,0,0,0,0,0,0,0,0,0,0,,,,,,,
MRG,221h,MRG1,2,Fence,1,h,10.0,0,0,0,0,0,0,0,0,0,0,0,0,0,,,,,,,
MRG,222a,MRG1,2,Fence,2,a,10.0,0,0,0,0,0,0,0,0,0,0,0,0,0,Rachel/Jean-Luc,,,,,,
MRG,222b,MRG1,2,Fence,2,b,10.0,0,0,0,0,0,0,0,0,0,0,0,0,0,,,,,,,
MRG,222c,MRG1,2,Fence,2,c,0.0,0,0,0,0,0,0,0,0,0,0,0,0,0,,,,,,,
MRG,222d,MRG1,2,Fence,2,d,10.0,0,0,0,0,0,0,0,0,0,0,0,0,0,,,,,,,
MRG,222e,MRG1,2,Fence,2,e,10.0,0,0,0,0,0,0,0,0,0,0,0,0,0,,,,,,,
MRG,222f,MRG1,2,Fence,2,f,10.0,0,0,0,0,0,0,0,0,0,0,0,0,0,,,,,,,
MRG,222g,MRG1,2,Fence,2,g,10.0,1,1,0,1,0,0,0,0,0,0,0,0,0,,,,,,,
MRG,222h,MRG1,2,Fence,2,h,10.0,0,0,0,0,0,0,0,0,0,0,0,0,0,,,,,,,
MRG,220a,MRG1,2,Unf,0,a,10.0,0,0,0,0,0,0,0,0,0,0,0,0,0,Cliff/Lanier,,,,,,
MRG,220b,MRG1,2,Unf,0,b,10.0,0,0,0,0,0,0,0,0,0,0,0,0,0,,,,,,,
MRG,220c,MRG1,2,Unf,0,c,10.0,0,0,0,0,0,0,0,0,0,0,0,0,0,,,,,,,
MRG,220d,MRG1,2,Unf,0,d,10.0,0,0,0,0,0,0,0,0,0,0,0,0,0,,,,,,,
MRG,220e,MRG1,2,Unf,0,e,0.0,0,0,0,0,0,0,0,0,0,0,0,0,0,,,,,,,
MRG,220f,MRG1,2,Unf,0,f,7.0,0,0,0,0,0,0,0,0,0,0,0,0,0,,,,,,,
MRG,220g,MRG1,2,Unf,0,g,10.0,0,0,0,0,0,0,0,0,0,0,0,0,0,,,,,,,
MRG,220h,MRG1,2,Unf,0,h,10.0,0,0,0,0,0,0,0,0,0,0,0,0,0,,,,,,,
MRG,221a,MRG1,2,Unf,1,a,9.0,0,0,0,0,0,0,0,0,0,0,0,0,0,Emily/Charlotte,,,,,,
MRG,221b,MRG1,2,Unf,1,b,10.0,0,0,0,0,0,0,0,0,0,0,0,0,0,,,,,,,
MRG,221c,MRG1,2,Unf,1,c,10.0,0,0,0,0,0,0,0,0,0,0,0,0,0,,,,,,,
MRG,221d,MRG1,2,Unf,1,d,10.0,0,0,0,0,0,0,0,0,0,0,0,0,0,,,,,,,
MRG,221e,MRG1,2,Unf,1,e,10.0,0,0,0,0,0,0,0,0,0,0,0,0,0,,,,,,,
MRG,221f,MRG1,2,Unf,1,f,10.0,0,0,0,0,0,0,0,0,0,0,0,0,0,,,,,,,
MRG,221g,MRG1,2,Unf,1,g,10.0,0,0,0,0,0,0,0,0,0,0,0,0,0,,,,,,,
MRG,221h,MRG1,2,Unf,1,h,10.0,0,0,0,0,0,0,0,0,0,0,0,0,0,,,,,,,
MRG,223a,MRG1,2,Unf,3,a,7.0,0,0,0,0,0,0,0,0,0,0,0,0,0,Rachel/Jean-Luc,,,,,,
MRG,223b,MRG1,2,Unf,3,b,10.0,0,0,0,0,0,0,0,0,0,0,0,0,0,,,,,,,
MRG,223c,MRG1,2,Unf,3,c,10.0,0,0,0,0,0,0,0,0,0,0,0,0,0,,,,,,,
MRG,223d,MRG1,2,Unf,3,d,10.0,0,0,0,0,0,0,0,0,0,0,0,0,0,,,,,,,
MRG,223e,MRG1,2,Unf,3,e,10.0,0,0,0,0,0,0,0,0,0,0,0,0,0,,,,,,,
MRG,223f,MRG1,2,Unf,3,f,10.0,0,0,0,0,0,0,0,0,0,0,0,0,0,,,,,,,
MRG,223g,MRG1,2,Unf,3,g,10.0,0,0,0,0,0,0,0,0,0,0,0,0,0,,,,,,,
MRG,223h,MRG1,2,Unf,3,h,10.0,0,0,0,0,0,0,0,0,0,0,0,0,0,,,,,,,
MRG,321a,MRG1,3,Trailside,1,a,10.0,0,0,0,0,0,0,0,0,0,0,0,0,0,Cliff/Lanier,,,,,,
MRG,321b,MRG1,3,Trailside,1,b,10.0,0,0,0,0,0,0,0,0,0,0,0,0,0,,,,,,,
MRG,321c,MRG1,3,Trailside,1,c,10.0,0,0,0,0,0,0,0,0,0,0,0,0,0,,,,,,,
MRG,321d,MRG1,3,Trailside,1,d,10.0,0,0,0,0,0,0,0,0,0,0,0,0,0,,,,,,,
MRG,321e,MRG1,3,Trailside,1,e,10.0,0,0,0,0,0,0,0,0,0,0,0,0,0,,,,,,,
MRG,321f,MRG1,3,Trailside,1,f,10.0,0,0,0,0,0,0,0,0,0,0,0,0,0,,,,,,,
MRG,321g,MRG1,3,Trailside,1,g,10.0,0,0,0,0,0,0,0,0,0,0,0,0,0,,,,,,,
MRG,321h,MRG1,3,Trailside,1,h,10.0,0,0,0,0,0,0,0,0,0,0,0,0,0,,,,,,,
MRG,322a,MRG1,3,Trailside,2,a,10.0,0,0,0,0,0,0,0,0,0,0,0,0,0,Emily/Charlotte,,,,,,
MRG,322b,MRG1,3,Trailside,2,b,10.0,0,0,0,0,0,0,0,0,0,0,0,0,0,,,,,,,
MRG,322c,MRG1,3,Trailside,2,c,10.0,0,0,0,0,0,0,0,0,0,0,0,0,0,,,,,,,
MRG,322d,MRG1,3,Trailside,2,d,10.0,0,0,0,0,0,0,0,0,0,0,0,0,0,,,,,,,
MRG,322e,MRG1,3,Trailside,2,e,10.0,0,0,0,0,0,0,0,0,0,0,0,0,0,,,,,,,
MRG,322f,MRG1,3,Trailside,2,f,10.0,0,0,0,0,0,0,0,0,0,0,0,0,0,,,,,,,
MRG,322g,MRG1,3,Trailside,2,g,10.0,0,0,0,0,0,0,0,0,0,0,0,0,0,,,,,,,
MRG,322h,MRG1,3,Trailside,2,h,10.0,0,0,0,0,0,0,0,0,0,0,0,0,0,,,,,,,
MRG,323a,MRG1,3,Trailside,3,a,10.0,0,0,0,0,0,0,0,0,0,0,0,0,0,Rachel/Jean-Luc,,,,,,
MRG,323b,MRG1,3,Trailside,3,b,10.0,0,0,0,0,0,0,0,0,0,0,0,0,0,,,,,,,
MRG,323c,MRG1,3,Trailside,3,c,10.0,0,0,0,0,0,0,0,0,0,0,0,0,0,,,,,,,
MRG,323d,MRG1,3,Trailside,3,d,10.0,0,0,0,0,0,0,0,0,0,0,0,0,0,,,,,,,
MRG,323e,MRG1,3,Trailside,3,e,10.0,0,0,0,0,0,0,0,0,0,0,0,0,0,,,,,,,
MRG,323f,MRG1,3,Trailside,3,f,10.0,0,0,0,0,0,0,0,0,0,0,0,0,0,,,,,,,
MRG,323g,MRG1,3,Trailside,3,g,10.0,0,0,0,0,0,0,0,0,0,0,0,0,0,,,,,,,
MRG,323h,MRG1,3,Trailside,3,h,10.0,0,0,0,0,0,0,0,0,0,0,0,0,0,,,,,,,
MRG,121a,MRG1,1,Fence,1,a,10.0,0,0,0,0,0,0,0,0,0,0,0,0,0,Chris/Charlotte,,,,,,
MRG,121b,MRG1,1,Fence,1,b,10.0,0,0,0,0,0,0,0,0,0,0,0,0,0,,,,,,,
MRG,121c,MRG1,1,Fence,1,c,10.0,0,0,0,0,0,0,0,0,0,0,0,0,0,,,,,,,
MRG,121d,MRG1,1,Fence,1,d,10.0,0,0,0,0,0,0,0,0,0,0,0,0,0,,,,,,,
MRG,121e,MRG1,1,Fence,1,e,10.0,0,0,0,0,0,0,0,0,0,0,0,0,0,,,,,,,
MRG,121f,MRG1,1,Fence,1,f,10.0,0,0,0,0,0,0,0,0,0,0,0,0,0,,,,,,,
MRG,122a,MRG1,1,Fence,2,a,10.0,0,0,0,0,0,0,0,0,0,0,0,0,0,Chris/Charlotte,,,,,,
MRG,122b,MRG1,1,Fence,2,b,10.0,0,0,0,0,0,0,0,0,0,0,0,0,0,,,,,,,
MRG,122c,MRG1,1,Fence,2,c,10.0,0,0,0,0,0,0,0,0,0,0,0,0,0,,,,,,,
MRG,122d,MRG1,1,Fence,2,d,10.0,0,0,0,0,0,0,0,0,0,0,0,0,0,,,,,,,
MRG,122e,MRG1,1,Fence,2,e,10.0,0,0,0,0,0,0,0,0,0,0,0,0,0,,,,,,,
MRG,122f,MRG1,1,Fence,2,f,10.0,0,0,0,0,0,0,0,0,0,0,0,0,0,,,,,,,
MRG,123a,MRG1,1,Fence,3,a,10.0,0,0,0,0,0,0,0,0,0,0,0,0,0,Chris/Charlotte,,,,,,
MRG,123b,MRG1,1,Fence,3,b,10.0,0,0,0,0,0,0,0,0,0,0,0,0,0,,,,,,,
MRG,123c,MRG1,1,Fence,3,c,10.0,0,0,0,0,0,0,0,0,0,0,0,0,0,,,,,,,
MRG,123d,MRG1,1,Fence,3,d,10.0,0,0,0,0,0,0,0,0,0,0,0,0,0,,,,,,,
MRG,123e,MRG1,1,Fence,3,e,10.0,0,0,0,0,0,0,0,0,0,0,0,0,0,,,,,,,
MRG,123f,MRG1,1,Fence,3,f,10.0,0,0,0,0,0,0,0,0,0,0,0,0,0,,,,,,,
MRG,223a,MRG1,2,Fence,3,a,10.0,0,0,0,0,0,0,0,0,0,0,0,0,0,Chris/Nichar,,,,,,
MRG,223b,MRG1,2,Fence,3,b,10.0,0,0,0,0,0,0,0,0,0,0,0,0,0,,,,,,,
MRG,223c,MRG1,2,Fence,3,c,10.0,0,0,0,0,0,0,0,0,0,0,0,0,0,,,,,,,
MRG,223d,MRG1,2,Fence,3,d,10.0,0,0,0,0,0,0,0,0,0,0,0,0,0,,,,,,,
MRG,223e,MRG1,2,Fence,3,e,10.0,0,0,0,0,0,0,0,0,0,0,0,0,0,,,,,,,
MRG,223f,MRG1,2,Fence,3,f,10.0,0,0,0,0,0,0,0,0,0,0,0,0,0,,,,,,,
MRG,223g,MRG1,2,Fence,3,g,10.0,0,0,0,0,0,0,0,0,0,0,0,0,0,,,,,,,
MRG,223h,MRG1,2,Fence,3,h,10.0,0,0,0,0,0,0,0,0,0,0,0,0,0,,,,,,,
MRG,222a,MRG1,2,Unf,2,a,10.0,0,0,0,0,0,0,0,0,0,0,0,0,0,Chris/Nichar,,,,,,
MRG,222b,MRG1,2,Unf,2,b,10.0,0,0,0,0,0,0,0,0,0,0,0,0,0,,,,,,,
MRG,222c,MRG1,2,Unf,2,c,10.0,0,0,0,0,0,0,0,0,0,0,0,0,0,,,,,,,
MRG,222d,MRG1,2,Unf,2,d,10.0,0,0,0,0,0,0,0,0,0,0,0,0,0,,,,,,,
MRG,222e,MRG1,2,Unf,2,e,10.0,0,0,0,0,0,0,0,0,0,0,0,0,0,,,,,,,
MRG,222f,MRG1,2,Unf,2,f,10.0,0,0,0,0,0,0,0,0,0,0,0,0,0,,,,,,,
MRG,222g,MRG1,2,Unf,2,g,10.0,0,0,0,0,0,0,0,0,0,0,0,0,0,,,,,,,
MRG,222h,MRG1,2,Unf,2,h,10.0,0,0,0,0,0,0,0,0,0,0,0,0,0,,,,,,,
MRG,320a,MRG1,3,Trailside,0,a,10.0,0,0,0,0,0,0,0,0,0,0,0,0,0,Chris/Nichar,,,,,,
MRG,320b,MRG1,3,Trailside,0,b,10.0,0,0,0,0,0,0,0,0,0,0,0,0,0,,,,,,,
MRG,320c,MRG1,3,Trailside,0,c,10.0,0,0,0,0,0,0,0,0,0,0,0,0,0,,,,,,,
MRG,320d,MRG1,3,Trailside,0,d,10.0,0,0,0,0,0,0,0,0,0,0,0,0,0,,,,,,,
MRG,320e,MRG1,3,Trailside,0,e,10.0,0,0,0,0,0,0,0,0,0,0,0,0,0,,,,,,,
MRG,320f,MRG1,3,Trailside,0,f,10.0,0,0,0,0,0,0,0,0,0,0,0,0,0,,,,,,,
MRG,320g,MRG1,3,Trailside,0,g,10.0,0,0,0,0,0,0,0,0,0,0,0,0,0,,,,,,,
MRG,320h,MRG1,3,Trailside,0,h,10.0,0,0,0,0,0,0,0,0,0,0,0,0,0,,,,,,,
MRG,22Body,MRG1,2,Body Ticks,,,,2,1,0,1,0,1,1,0,0,0,0,0,0,,,,,,,
MRG,120a,MRG2,1,Unf,0,a,10.0,0,0,0,0,0,0,0,0,0,0,0,0,0,,,,,,,
MRG,120b,MRG2,1,Unf,0,b,10.0,0,0,0,0,0,0,0,0,0,0,0,0,0,,,,,,,
MRG,120c,MRG2,1,Unf,0,c,10.0,0,0,0,0,0,0,0,0,0,0,0,0,0,,,,,,,
MRG,120d,MRG2,1,Unf,0,d,10.0,0,0,0,0,0,0,0,0,0,0,0,0,0,,,,,,,
MRG,120e,MRG2,1,Unf,0,e,10.0,0,0,0,0,0,0,0,0,0,0,0,0,0,,,,,,,
MRG,120f,MRG2,1,Unf,0,f,10.0,0,0,0,0,0,0,0,0,0,0,0,0,0,,,,,,,
MRG,121a,MRG2,1,Unf,1,a,10.0,0,0,0,0,0,0,0,0,0,0,0,0,0,,,,,,,
MRG,121b,MRG2,1,Unf,1,b,10.0,0,0,0,0,0,0,0,0,0,0,0,0,0,,,,,,,
MRG,121c,MRG2,1,Unf,1,c,10.0,0,0,0,0,0,0,0,0,0,0,0,0,0,,,,,,,
MRG,121d,MRG2,1,Unf,1,d,10.0,0,0,0,0,0,0,0,0,0,0,0,0,0,,,,,,,
MRG,121e,MRG2,1,Unf,1,e,10.0,0,0,0,0,0,0,0,0,0,0,0,0,0,,,,,,,
MRG,121f,MRG2,1,Unf,1,f,10.0,0,0,0,0,0,0,0,0,0,0,0,0,0,,,,,,,
MRG,122a,MRG2,1,Unf,2,a,10.0,0,0,0,0,0,0,0,0,0,0,0,0,0,,,,,,,
MRG,122b,MRG2,1,Unf,2,b,10.0,2,2,0,2,0,0,0,0,0,0,0,0,0,,,,,,,
MRG,122c,MRG2,1,Unf,2,c,10.0,0,0,0,0,0,0,0,0,0,0,0,0,0,,,,,,,
MRG,122d,MRG2,1,Unf,2,d,10.0,1,1,0,1,0,0,0,0,0,0,0,0,0,,,,,,,
MRG,122e,MRG2,1,Unf,2,e,10.0,0,0,0,0,0,0,0,0,0,0,0,0,0,,,,,,,
MRG,122f,MRG2,1,Unf,2,f,10.0,0,0,0,0,0,0,0,0,0,0,0,0,0,,,,,,,
MRG,123a,MRG2,1,Unf,3,a,10.0,1,1,0,1,0,0,0,0,0,0,0,0,0,,,,,,,
MRG,123b,MRG2,1,Unf,3,b,10.0,0,0,0,0,0,0,0,0,0,0,0,0,0,,,,,,,
MRG,123c,MRG2,1,Unf,3,c,10.0,0,0,0,0,0,0,0,0,0,0,0,0,0,,,,,,,
MRG,123d,MRG2,1,Unf,3,d,10.0,0,0,0,0,0,0,0,0,0,0,0,0,0,,,,,,,
MRG,123e,MRG2,1,Unf,3,e,10.0,0,0,0,0,0,0,0,0,0,0,0,0,0,,,,,,,
MRG,123f,MRG2,1,Unf,3,f,10.0,0,0,0,0,0,0,0,0,0,0,0,0,0,,,,,,,
MRG,124a,MRG2,1,Unf,4,a,10.0,0,0,0,0,0,0,0,0,0,0,0,0,0,,,,,,,
MRG,124b,MRG2,1,Unf,4,b,10.0,0,0,0,0,0,0,0,0,0,0,0,0,0,,,,,,,
MRG,124c,MRG2,1,Unf,4,c,10.0,1,1,0,1,0,0,0,0,0,0,0,0,0,,,,,,,
MRG,124d,MRG2,1,Unf,4,d,10.0,1,1,0,1,0,0,0,0,0,0,0,0,0,,,,,,,
MRG,124e,MRG2,1,Unf,4,e,10.0,0,0,0,0,0,0,0,0,0,0,0,0,0,,,,,,,
MRG,124f,MRG2,1,Unf,4,f,10.0,1,1,0,1,0,0,0,0,0,0,0,0,0,,,,,,,
MRG,110a,MRG2,1,Fence,0,a,10.0,0,0,0,0,0,0,0,0,0,0,0,0,0,,,,,,,
MRG,110b,MRG2,1,Fence,0,b,10.0,0,0,0,0,0,0,0,0,0,0,0,0,0,,,,,,,
MRG,110c,MRG2,1,Fence,0,c,10.0,0,0,0,0,0,0,0,0,0,0,0,0,0,,,,,,,
MRG,110d,MRG2,1,Fence,0,d,10.0,0,0,0,0,0,0,0,0,0,0,0,0,0,,,,,,,
MRG,110e,MRG2,1,Fence,0,e,10.0,0,0,0,0,0,0,0,0,0,0,0,0,0,,,,,,,
MRG,110f,MRG2,1,Fence,0,f,10.0,0,0,0,0,0,0,0,0,0,0,0,0,0,,,,,,,
MRG,111a,MRG2,1,Fence,1,a,10.0,0,0,0,0,0,0,0,0,0,0,0,0,0,,,,,,,
MRG,111b,MRG2,1,Fence,1,b,10.0,0,0,0,0,0,0,0,0,0,0,0,0,0,,,,,,,
MRG,111c,MRG2,1,Fence,1,c,10.0,0,0,0,0,0,0,0,0,0,0,0,0,0,,,,,,,
MRG,111d,MRG2,1,Fence,1,d,10.0,0,0,0,0,0,0,0,0,0,0,0,0,0,,,,,,,
MRG,111e,MRG2,1,Fence,1,e,10.0,0,0,0,0,0,0,0,0,0,0,0,0,0,,,,,,,
MRG,111f,MRG2,1,Fence,1,f,10.0,0,0,0,0,0,0,0,0,0,0,0,0,0,,,,,,,
MRG,112a,MRG2,1,Fence,2,a,10.0,0,0,0,0,0,0,0,0,0,0,0,0,0,,,,,,,
MRG,112b,MRG2,1,Fence,2,b,10.0,0,0,0,0,0,0,0,0,0,0,0,0,0,,,,,,,
MRG,112c,MRG2,1,Fence,2,c,10.0,0,0,0,0,0,0,0,0,0,0,0,0,0,,,,,,,
MRG,112d,MRG2,1,Fence,2,d,10.0,0,0,0,0,0,0,0,0,0,0,0,0,0,,,,,,,
MRG,112e,MRG2,1,Fence,2,e,10.0,0,0,0,0,0,0,0,0,0,0,0,0,0,,,,,,,
MRG,112f,MRG2,1,Fence,2,f,10.0,0,0,0,0,0,0,0,0,0,0,0,0,0,,,,,,,
MRG,113a,MRG2,1,Fence,3,a,10.0,0,0,0,0,0,0,0,0,0,0,0,0,0,,,,,,,
MRG,113b,MRG2,1,Fence,3,b,10.0,0,0,0,0,0,0,0,0,0,0,0,0,0,,,,,,,
MRG,113c,MRG2,1,Fence,3,c,10.0,0,0,0,0,0,0,0,0,0,0,0,0,0,,,,,,,
MRG,113d,MRG2,1,Fence,3,d,10.0,0,0,0,0,0,0,0,0,0,0,0,0,0,,,,,,,
MRG,113e,MRG2,1,Fence,3,e,10.0,0,0,0,0,0,0,0,0,0,0,0,0,0,,,,,,,
MRG,113f,MRG2,1,Fence,3,f,10.0,0,0,0,0,0,0,0,0,0,0,0,0,0,,,,,,,
MRG,114a,MRG2,1,Fence,4,a,10.0,1,1,0,1,0,0,0,0,0,0,0,0,0,,,,,,,
MRG,114b,MRG2,1,Fence,4,b,10.0,0,0,0,0,0,0,0,0,0,0,0,0,0,,,,,,,
MRG,114c,MRG2,1,Fence,4,c,10.0,0,0,0,0,0,0,0,0,0,0,0,0,0,,,,,,,
MRG,114d,MRG2,1,Fence,4,d,10.0,1,1,0,1,0,0,0,0,0,0,0,0,0,,,,,,,
MRG,114e,MRG2,1,Fence,4,e,10.0,0,0,0,0,0,0,0,0,0,0,0,0,0,,,,,,,
MRG,114f,MRG2,1,Fence,4,f,10.0,0,0,0,0,0,0,0,0,0,0,0,0,0,,,,,,,
MRG,212a,MRG2,2,Fence,2,a,10.0,0,0,0,0,0,0,0,0,0,0,0,0,0,,,,,,,
MRG,212b,MRG2,2,Fence,2,b,10.0,0,0,0,0,0,0,0,0,0,0,0,0,0,,,,,,,
MRG,212c,MRG2,2,Fence,2,c,10.0,0,0,0,0,0,0,0,0,0,0,0,0,0,,,,,,,
MRG,212d,MRG2,2,Fence,2,d,10.0,0,0,0,0,0,0,0,0,0,0,0,0,0,,,,,,,
MRG,212e,MRG2,2,Fence,2,e,10.0,0,0,0,0,0,0,0,0,0,0,0,0,0,,,,,,,
MRG,212f,MRG2,2,Fence,2,f,10.0,0,0,0,0,0,0,0,0,0,0,0,0,0,,,,,,,
MRG,212g,MRG2,2,Fence,2,g,10.0,0,0,0,0,0,0,0,0,0,0,0,0,0,,,,,,,
MRG,212h,MRG2,2,Fence,2,h,10.0,0,0,0,0,0,0,0,0,0,0,0,0,0,,,,,,,
MRG,220a,MRG2,2,Unf,0,a,10.0,0,0,0,0,0,0,0,0,0,0,0,0,0,,,,,,,
MRG,220b,MRG2,2,Unf,0,b,10.0,1,1,0,1,0,0,0,0,0,0,0,0,0,,,,,,,
MRG,220c,MRG2,2,Unf,0,c,10.0,0,0,0,0,0,0,0,0,0,0,0,0,0,,,,,,,
MRG,220d,MRG2,2,Unf,0,d,10.0,0,0,0,0,0,0,0,0,0,0,0,0,0,,,,,,,
MRG,220e,MRG2,2,Unf,0,e,10.0,0,0,0,0,0,0,0,0,0,0,0,0,0,,,,,,,
MRG,220f,MRG2,2,Unf,0,f,10.0,0,0,0,0,0,0,0,0,0,0,0,0,0,,,,,,,
MRG,220g,MRG2,2,Unf,0,g,10.0,0,0,0,0,0,0,0,0,0,0,0,0,0,,,,,,,
MRG,220h,MRG2,2,Unf,0,h,10.0,0,0,0,0,0,0,0,0,0,0,0,0,0,,,,,,,
MRG,222a,MRG2,2,Unf,2,a,10.0,0,0,0,0,0,0,0,0,0,0,0,0,0,,,,,,,
MRG,222b,MRG2,2,Unf,2,b,10.0,0,0,0,0,0,0,0,0,0,0,0,0,0,,,,,,,
MRG,222c,MRG2,2,Unf,2,c,10.0,0,0,0,0,0,0,0,0,0,0,0,0,0,,,,,,,
MRG,222d,MRG2,2,Unf,2,d,10.0,2,2,0,2,0,0,0,0,0,0,0,0,0,,,,,,,
MRG,222e,MRG2,2,Unf,2,e,10.0,1,1,0,1,0,0,0,0,0,0,0,0,0,,,,,,,
MRG,222f,MRG2,2,Unf,2,f,10.0,0,0,0,0,0,0,0,0,0,0,0,0,0,,,,,,,
MRG,222g,MRG2,2,Unf,2,g,10.0,1,1,0,1,0,0,0,0,0,0,0,0,0,,,,,,,
MRG,222h,MRG2,2,Unf,2,h,10.0,0,0,0,0,0,0,0,0,0,0,0,0,0,,,,,,,
MRG,FR3Na,MRG2,FR3,Trailside,N,a,10.0,0,0,0,0,0,0,0,0,0,0,0,0,0,,,,,,,
MRG,FR3Nb,MRG2,FR3,Trailside,N,b,10.0,1,1,0,1,0,0,0,0,0,0,0,0,0,,,,,,,
MRG,FR3Nc,MRG2,FR3,Trailside,N,c,10.0,0,0,0,0,0,0,0,0,0,0,0,0,0,,,,,,,
MRG,FR3Nd,MRG2,FR3,Trailside,N,d,10.0,0,0,0,0,0,0,0,0,0,0,0,0,0,,,,,,,
MRG,FR3Ne,MRG2,FR3,Trailside,N,e,10.0,0,0,0,0,0,0,0,0,0,0,0,0,0,,,,,,,
MRG,FR3Nf,MRG2,FR3,Trailside,N,f,10.0,0,0,0,0,0,0,0,0,0,0,0,0,0,,,,,,,
MRG,FR3Ng,MRG2,FR3,Trailside,N,g,10.0,0,0,0,0,0,0,0,0,0,0,0,0,0,,,,,,,
MRG,FR3Nh,MRG2,FR3,Trailside,N,h,10.0,0,0,0,0,0,0,0,0,0,0,0,0,0,,,,,,,
MRG,210a,MRG2,2,Fence,0,a,10.0,0,0,0,0,0,0,0,0,0,0,0,0,0,,,,,,,
MRG,210b,MRG2,2,Fence,0,b,10.0,0,0,0,0,0,0,0,0,0,0,0,0,0,,,,,,,
MRG,210c,MRG2,2,Fence,0,c,10.0,0,0,0,0,0,0,0,0,0,0,0,0,0,,,,,,,
MRG,210d,MRG2,2,Fence,0,d,10.0,0,0,0,0,0,0,0,0,0,0,0,0,0,,,,,,,
MRG,210e,MRG2,2,Fence,0,e,10.0,0,0,0,0,0,0,0,0,0,0,0,0,0,,,,,,,
MRG,210f,MRG2,2,Fence,0,f,10.0,0,0,0,0,0,0,0,0,0,0,0,0,0,,,,,,,
MRG,210g,MRG2,2,Fence,0,g,10.0,0,0,0,0,0,0,0,0,0,0,0,0,0,,,,,,,
MRG,210h,MRG2,2,Fence,0,h,10.0,0,0,0,0,0,0,0,0,0,0,0,0,0,,,,,,,
MRG,211h,MRG2,2,Fence,1,h,10.0,0,0,0,0,0,0,0,0,0,0,0,0,0,,,,,,,
MRG,211g,MRG2,2,Fence,1,g,10.0,0,0,0,0,0,0,0,0,0,0,0,0,0,,,,,,,
MRG,211f,MRG2,2,Fence,1,f,10.0,0,0,0,0,0,0,0,0,0,0,0,0,0,,,,,,,
MRG,211e,MRG2,2,Fence,1,e,10.0,0,0,0,0,0,0,0,0,0,0,0,0,0,,,,,,,
MRG,211d,MRG2,2,Fence,1,d,10.0,0,0,0,0,0,0,0,0,0,0,0,0,0,,,,,,,
MRG,211c,MRG2,2,Fence,1,c,10.0,0,0,0,0,0,0,0,0,0,0,0,0,0,,,,,,,
MRG,211b,MRG2,2,Fence,1,b,10.0,0,0,0,0,0,0,0,0,0,0,0,0,0,,,,,,,
MRG,211a,MRG2,2,Fence,1,a,10.0,0,0,0,0,0,0,0,0,0,0,0,0,0,,,,,,,
MRG,321a,MRG2,3,Unf,1,a,10.0,0,0,0,0,0,0,0,0,0,0,0,0,0,,,,,,,
MRG,321b,MRG2,3,Unf,1,b,10.0,0,0,0,0,0,0,0,0,0,0,0,0,0,,,,,,,
MRG,321c,MRG2,3,Unf,1,c,10.0,0,0,0,0,0,0,0,0,0,0,0,0,0,,,,,,,
MRG,321d,MRG2,3,Unf,1,d,10.0,1,1,0,1,0,0,0,0,0,0,0,0,0,,,,,,,
MRG,321e,MRG2,3,Unf,1,e,10.0,0,0,0,0,0,0,0,0,0,0,0,0,0,,,,,,,
MRG,321f,MRG2,3,Unf,1,f,10.0,0,0,0,0,0,0,0,0,0,0,0,0,0,,,,,,,
MRG,321g,MRG2,3,Unf,1,g,10.0,0,0,0,0,0,0,0,0,0,0,0,0,0,,,,,,,
MRG,321h,MRG2,3,Unf,1,h,10.0,0,0,0,0,0,0,0,0,0,0,0,0,0,,,,,,,
MRG,322a,MRG2,3,Unf,2,a,10.0,0,0,0,0,0,0,0,0,0,0,0,0,0,,,,,,,
MRG,322b,MRG2,3,Unf,2,b,10.0,0,0,0,0,0,0,0,0,0,0,0,0,0,,,,,,,
MRG,322c,MRG2,3,Unf,2,c,10.0,0,0,0,0,0,0,0,0,0,0,0,0,0,,,,,,,
MRG,322d,MRG2,3,Unf,2,d,10.0,1,1,0,1,0,0,0,0,0,0,0,0,0,,,,,,,
MRG,322e,MRG2,3,Unf,2,e,10.0,0,0,0,0,0,0,0,0,0,0,0,0,0,,,,,,,
MRG,322f,MRG2,3,Unf,2,f,10.0,0,0,0,0,0,0,0,0,0,0,0,0,0,,,,,,,
MRG,322g,MRG2,3,Unf,2,g,10.0,0,0,0,0,0,0,0,0,0,0,0,0,0,,,,,,,
MRG,322h,MRG2,3,Unf,2,h,10.0,0,0,0,0,0,0,0,0,0,0,0,0,0,,,,,,,
MRG,221a,MRG2,2,Unf,1,a,10.0,1,1,0,1,0,0,0,0,0,0,0,0,0,,,,,,,
MRG,221b,MRG2,2,Unf,1,b,10.0,0,0,0,0,0,0,0,0,0,0,0,0,0,,,,,,,
MRG,221c,MRG2,2,Unf,1,c,10.0,2,2,0,2,0,0,0,0,0,0,0,0,0,,,,,,,
MRG,221d,MRG2,2,Unf,1,d,10.0,1,1,0,1,0,0,0,0,0,0,0,0,0,,,,,,,
MRG,221e,MRG2,2,Unf,1,e,10.0,0,0,0,0,0,0,0,0,0,0,0,0,0,,,,,,,
MRG,221f,MRG2,2,Unf,1,f,10.0,0,0,0,0,0,0,0,0,0,0,0,0,0,,,,,,,
MRG,221g,MRG2,2,Unf,1,g,10.0,0,0,0,0,0,0,0,0,0,0,0,0,0,,,,,,,
MRG,221h,MRG2,2,Unf,1,h,10.0,0,0,0,0,0,0,0,0,0,0,0,0,0,,,,,,,
MRG,223h,MRG2,2,Unf,3,h,10.0,3,3,0,3,0,0,0,0,0,0,0,0,0,,,,,,,
MRG,223g,MRG2,2,Unf,3,g,10.0,0,0,0,0,0,0,0,0,0,0,0,0,0,,,,,,,
MRG,223f,MRG2,2,Unf,3,f,10.0,0,0,0,0,0,0,0,0,0,0,0,0,0,,,,,,,
MRG,223e,MRG2,2,Unf,3,e,10.0,0,0,0,0,0,0,0,0,0,0,0,0,0,,,,,,,
MRG,223d,MRG2,2,Unf,3,d,10.0,0,0,0,0,0,0,0,0,0,0,0,0,0,,,,,,,
MRG,223c,MRG2,2,Unf,3,c,10.0,0,0,0,0,0,0,0,0,0,0,0,0,0,,,,,,,
MRG,223b,MRG2,2,Unf,3,b,10.0,0,0,0,0,0,0,0,0,0,0,0,0,0,,,,,,,
MRG,223a,MRG2,2,Unf,3,a,10.0,0,0,0,0,0,0,0,0,0,0,0,0,0,,,,,,,
MRG,FR3Sa,MRG2,FR3,Trailside,S,a,10.0,0,0,0,0,0,0,0,0,0,0,0,0,0,,,,,,,
MRG,FR3Sb,MRG2,FR3,Trailside,S,b,10.0,0,0,0,0,0,0,0,0,0,0,0,0,0,,,,,,,
MRG,FR3Sc,MRG2,FR3,Trailside,S,c,10.0,0,0,0,0,0,0,0,0,0,0,0,0,0,,,,,,,
MRG,FR3Sd,MRG2,FR3,Trailside,S,d,10.0,0,0,0,0,0,0,0,0,0,0,0,0,0,,,,,,,
MRG,FR3Se,MRG2,FR3,Trailside,S,e,10.0,0,0,0,0,0,0,0,0,0,0,0,0,0,,,,,,,
MRG,FR3Sf,MRG2,FR3,Trailside,S,f,10.0,0,0,0,0,0,0,0,0,0,0,0,0,0,,,,,,,
MRG,FR3Sg,MRG2,FR3,Trailside,S,g,10.0,0,0,0,0,0,0,0,0,0,0,0,0,0,,,,,,,
MRG,FR3Sh,MRG2,FR3,Trailside,S,h,10.0,0,0,0,0,0,0,0,0,0,0,0,0,0,,,,,,,
MOH,3-1-A,Spring Farm (Site 3),,Unf,A,1,,2,2,0,2,0,0,0,0,0,0,0,0,0,"Megan Napoli, Asher Wilkinson, Assorted Volunteers",?,66.0,74,Damp,100,75.0
MOH,3-1-B,Spring Farm (Site 3),,Unf,B,1,,0,0,0,0,0,0,0,0,0,0,0,0,0,"Megan Napoli, Asher Wilkinson, Assorted Volunteers",?,66.0,74,Damp,100,75.0
MOH,3-1-C,Spring Farm (Site 3),,Unf,C,1,,0,0,0,0,0,0,0,0,0,0,0,0,0,"Megan Napoli, Asher Wilkinson, Assorted Volunteers",?,66.0,74,Damp,100,75.0
MOH,3-1-D,Spring Farm (Site 3),,Unf,D,1,,0,0,0,0,0,0,0,0,0,0,0,0,0,"Megan Napoli, Asher Wilkinson, Assorted Volunteers",?,66.0,74,Damp,100,75.0
MOH,3-1-E,Spring Farm (Site 3),,Unf,E,1,,0,0,0,0,0,0,0,0,0,0,0,0,0,"Megan Napoli, Asher Wilkinson, Assorted Volunteers",?,66.0,74,Damp,100,75.0
MOH,3-1-F,Spring Farm (Site 3),,Unf,F,1,,0,0,0,0,0,0,0,0,0,0,0,0,0,"Megan Napoli, Asher Wilkinson, Assorted Volunteers",?,66.0,74,Damp,100,75.0
MOH,3-1-G,Spring Farm (Site 3),,Unf,G,1,,1,1,0,1,0,0,0,0,0,0,0,0,0,"Megan Napoli, Asher Wilkinson, Assorted Volunteers",?,66.0,74,Damp,100,75.0
MOH,3-1-H,Spring Farm (Site 3),,Unf,H,1,,0,0,0,0,0,0,0,0,0,0,0,0,0,"Megan Napoli, Asher Wilkinson, Assorted Volunteers",?,66.0,74,Damp,100,75.0
MOH,3-1-I,Spring Farm (Site 3),,Unf,I,1,,1,1,0,1,?,0,0,0,0,0,0,0,0,"Megan Napoli, Asher Wilkinson, Assorted Volunteers",?,66.0,74,Damp,100,75.0
MOH,3-1-J,Spring Farm (Site 3),,Unf,J,1,,0,0,0,0,0,0,0,0,0,0,0,0,0,"Megan Napoli, Asher Wilkinson, Assorted Volunteers",?,66.0,74,Damp,100,75.0
MOH,3-1-ext1,Spring Farm (Site 3),,Unf,ext1,1,,0,0,0,0,0,0,0,0,0,0,0,0,0,"Megan Napoli, Asher Wilkinson, Assorted Volunteers",?,66.0,74,Damp,100,75.0
MOH,3-1-ext2,Spring Farm (Site 3),,Unf,ext2,1,,1,1,0,1,0,0,0,0,0,0,0,0,0,"Megan Napoli, Asher Wilkinson, Assorted Volunteers",?,66.0,74,Damp,100,75.0
MOH,3-2-A,Spring Farm (Site 3),,Fen,A,2,,0,0,0,0,0,0,0,0,0,0,0,0,0,"Megan Napoli, Asher Wilkinson, Assorted Volunteers",?,66.0,74,Damp,100,75.0
MOH,3-2-B,Spring Farm (Site 3),,Fen,B,2,,0,0,0,0,0,0,0,0,0,0,0,0,0,"Megan Napoli, Asher Wilkinson, Assorted Volunteers",?,66.0,74,Damp,100,75.0
MOH,3-2-C,Spring Farm (Site 3),,Fen,C,2,,0,0,0,0,0,0,0,0,0,0,0,0,0,"Megan Napoli, Asher Wilkinson, Assorted Volunteers",?,66.0,74,Damp,100,75.0
MOH,3-2-D,Spring Farm (Site 3),,Fen,D,2,,0,0,0,0,0,0,0,0,0,0,0,0,0,"Megan Napoli, Asher Wilkinson, Assorted Volunteers",?,66.0,74,Damp,100,75.0
MOH,3-2-E,Spring Farm (Site 3),,Fen,E,2,,0,0,0,0,0,0,0,0,0,0,0,0,0,"Megan Napoli, Asher Wilkinson, Assorted Volunteers",?,66.0,74,Damp,100,75.0
MOH,3-2-F,Spring Farm (Site 3),,Fen,F,2,,0,0,0,0,0,0,0,0,0,0,0,0,0,"Megan Napoli, Asher Wilkinson, Assorted Volunteers",?,66.0,74,Damp,100,75.0
MOH,3-2-G,Spring Farm (Site 3),,Fen,G,2,,0,0,0,0,0,0,0,0,0,0,0,0,0,"Megan Napoli, Asher Wilkinson, Assorted Volunteers",?,66.0,74,Damp,100,75.0
MOH,3-2-H,Spring Farm (Site 3),,Fen,H,2,,0,0,0,0,0,0,0,0,0,0,0,0,0,"Megan Napoli, Asher Wilkinson, Assorted Volunteers",?,66.0,74,Damp,100,75.0
MOH,3-2-I,Spring Farm (Site 3),,Fen,I,2,,0,0,0,0,0,0,0,0,0,0,0,0,0,"Megan Napoli, Asher Wilkinson, Assorted Volunteers",?,66.0,74,Damp,100,75.0
MOH,3-2-J,Spring Farm (Site 3),,Fen,J,2,,0,0,0,0,0,0,0,0,0,0,0,0,0,"Megan Napoli, Asher Wilkinson, Assorted Volunteers",?,66.0,74,Damp,100,75.0
MOH,3-3-A,Spring Farm (Site 3),,Roadside,A,3,,1,1,0,1,0,0,0,0,0,0,0,0,0,"Megan Napoli, Asher Wilkinson, Assorted Volunteers",?,66.0,74,Damp,100,65.0
MOH,3-3-B,Spring Farm (Site 3),,Roadside,B,3,,0,0,0,0,0,0,0,0,0,0,0,0,0,"Megan Napoli, Asher Wilkinson, Assorted Volunteers",?,66.0,74,Damp,100,65.0
MOH,3-3-C,Spring Farm (Site 3),,Roadside,C,3,,0,0,0,0,0,0,0,0,0,0,0,0,0,"Megan Napoli, Asher Wilkinson, Assorted Volunteers",?,66.0,74,Damp,100,65.0
MOH,3-3-D,Spring Farm (Site 3),,Roadside,D,3,,0,0,0,0,0,0,0,0,0,0,0,0,0,"Megan Napoli, Asher Wilkinson, Assorted Volunteers",?,66.0,74,Damp,100,65.0
MOH,3-3-E,Spring Farm (Site 3),,Roadside,E,3,,0,0,0,0,0,0,0,0,0,0,0,0,0,"Megan Napoli, Asher Wilkinson, Assorted Volunteers",?,66.0,74,Damp,100,65.0
MOH,3-3-F,Spring Farm (Site 3),,Roadside,F,3,,1,1,0,1,0,0,0,0,0,0,0,0,0,"Megan Napoli, Asher Wilkinson, Assorted Volunteers",?,66.0,74,Damp,100,65.0
MOH,3-3-G,Spring Farm (Site 3),,Roadside,G,3,,1,1,0,1,0,0,0,0,0,0,0,0,0,"Megan Napoli, Asher Wilkinson, Assorted Volunteers",?,66.0,74,Damp,100,65.0
MOH,3-3-H,Spring Farm (Site 3),,Roadside,H,3,,1,1,0,1,0,0,0,0,0,0,0,0,0,"Megan Napoli, Asher Wilkinson, Assorted Volunteers",?,66.0,74,Damp,100,65.0
MOH,3-3-I,Spring Farm (Site 3),,Roadside,I,3,,0,0,0,0,0,0,0,0,0,0,0,0,0,"Megan Napoli, Asher Wilkinson, Assorted Volunteers",?,66.0,74,Damp,100,65.0
MOH,3-3-J,Spring Farm (Site 3),,Roadside,J,3,,0,0,0,0,0,0,0,0,0,0,0,0,0,"Megan Napoli, Asher Wilkinson, Assorted Volunteers",?,66.0,74,Damp,100,65.0
MOH,3-4-A,Spring Farm (Site 3),,Roadside,A,4,,0,0,0,0,0,0,0,0,0,0,0,0,0,"Megan Napoli, Asher Wilkinson, Assorted Volunteers",?,66.0,74,Damp,100,65.0
MOH,3-4-B,Spring Farm (Site 3),,Roadside,B,4,,0,0,0,0,0,0,0,0,0,0,0,0,0,"Megan Napoli, Asher Wilkinson, Assorted Volunteers",?,66.0,74,Damp,100,65.0
MOH,3-4-C,Spring Farm (Site 3),,Roadside,C,4,,0,0,0,0,0,0,0,0,0,0,0,0,0,"Megan Napoli, Asher Wilkinson, Assorted Volunteers",?,66.0,74,Damp,100,65.0
MOH,3-4-D,Spring Farm (Site 3),,Roadside,D,4,,0,0,0,0,0,0,0,0,0,0,0,0,0,"Megan Napoli, Asher Wilkinson, Assorted Volunteers",?,66.0,74,Damp,100,65.0
MOH,3-4-E,Spring Farm (Site 3),,Roadside,E,4,,0,0,0,0,0,0,0,0,0,0,0,0,0,"Megan Napoli, Asher Wilkinson, Assorted Volunteers",?,66.0,74,Damp,100,65.0
MOH,3-4-F,Spring Farm (Site 3),,Roadside,F,4,,1,1,0,1,0,0,0,0,0,0,0,0,0,"Megan Napoli, Asher Wilkinson, Assorted Volunteers",?,66.0,74,Damp,100,65.0
MOH,3-4-G,Spring Farm (Site 3),,Roadside,G,4,,0,0,0,0,0,0,0,0,0,0,0,0,0,"Megan Napoli, Asher Wilkinson, Assorted Volunteers",?,66.0,74,Damp,100,65.0
MOH,3-4-H,Spring Farm (Site 3),,Roadside,H,4,,0,0,0,0,0,0,0,0,0,0,0,0,0,"Megan Napoli, Asher Wilkinson, Assorted Volunteers",?,66.0,74,Damp,100,65.0
MOH,3-4-I,Spring Farm (Site 3),,Roadside,I,4,,0,0,0,0,0,0,0,0,0,0,0,0,0,"Megan Napoli, Asher Wilkinson, Assorted Volunteers",?,66.0,74,Damp,100,65.0
MOH,3-4-J,Spring Farm (Site 3),,Roadside,J,4,,0,0,0,0,0,0,0,0,0,0,0,0,0,"Megan Napoli, Asher Wilkinson, Assorted Volunteers",?,66.0,74,Damp,100,65.0
MOH,4-1-A,Canaan Road (Site 4),,Unf,A,1,,2,2,0,2,0,0,0,0,0,0,0,0,0,"Megan Napoli, Asher Wilkinson, Assorted Volunteers",?,72.0,62,Damp,100,75.0
MOH,4-1-B,Canaan Road (Site 4),,Unf,B,1,,0,0,0,0,0,0,0,0,0,0,0,0,0,"Megan Napoli, Asher Wilkinson, Assorted Volunteers",?,72.0,62,Damp,100,75.0
MOH,4-1-C,Canaan Road (Site 4),,Unf,C,1,,0,0,0,0,0,0,0,0,0,0,0,0,0,"Megan Napoli, Asher Wilkinson, Assorted Volunteers",?,72.0,62,Damp,100,75.0
MOH,4-1-D,Canaan Road (Site 4),,Unf,D,1,,0,0,0,0,0,0,0,0,0,0,0,0,0,"Megan Napoli, Asher Wilkinson, Assorted Volunteers",?,72.0,62,Damp,100,75.0
MOH,4-1-E,Canaan Road (Site 4),,Unf,E,1,,0,0,0,0,0,0,0,0,0,0,0,0,0,"Megan Napoli, Asher Wilkinson, Assorted Volunteers",?,72.0,62,Damp,100,75.0
MOH,4-1-F,Canaan Road (Site 4),,Unf,F,1,,1,1,0,1,0,0,0,0,0,0,0,0,0,"Megan Napoli, Asher Wilkinson, Assorted Volunteers",?,72.0,62,Damp,100,75.0
MOH,4-1-G,Canaan Road (Site 4),,Unf,G,1,,0,0,0,0,0,0,0,0,0,0,0,0,0,"Megan Napoli, Asher Wilkinson, Assorted Volunteers",?,72.0,62,Damp,100,75.0
MOH,4-1-H,Canaan Road (Site 4),,Unf,H,1,,1,1,0,1,0,0,0,0,0,0,0,0,0,"Megan Napoli, Asher Wilkinson, Assorted Volunteers",?,72.0,62,Damp,100,75.0
MOH,4-1-I,Canaan Road (Site 4),,Unf,I,1,,0,0,0,0,0,0,0,0,0,0,0,0,0,"Megan Napoli, Asher Wilkinson, Assorted Volunteers",?,72.0,62,Damp,100,75.0
MOH,4-1-J,Canaan Road (Site 4),,Unf,J,1,,0,0,0,0,0,0,0,0,0,0,0,0,0,"Megan Napoli, Asher Wilkinson, Assorted Volunteers",?,72.0,62,Damp,100,75.0
MOH,4-1-ext1,Canaan Road (Site 4),,Unf,ext1,1,,0,0,0,0,0,0,0,0,0,0,0,0,0,"Megan Napoli, Asher Wilkinson, Assorted Volunteers",?,72.0,62,Damp,100,75.0
MOH,4-1-ext2,Canaan Road (Site 4),,Unf,ext2,1,,0,0,0,0,0,0,0,0,0,0,0,0,0,"Megan Napoli, Asher Wilkinson, Assorted Volunteers",?,72.0,62,Damp,100,75.0
MOH,4-2-A,Canaan Road (Site 4),,Fen,A,2,,1,1,0,1,0,0,0,0,0,0,0,0,0,"Megan Napoli, Asher Wilkinson, Assorted Volunteers",?,72.0,62,Damp,100,75.0
MOH,4-2-B,Canaan Road (Site 4),,Fen,B,2,,0,0,0,0,0,0,0,0,0,0,0,0,0,"Megan Napoli, Asher Wilkinson, Assorted Volunteers",?,72.0,62,Damp,100,75.0
MOH,4-2-C,Canaan Road (Site 4),,Fen,C,2,,0,0,0,0,0,0,0,0,0,0,0,0,0,"Megan Napoli, Asher Wilkinson, Assorted Volunteers",?,72.0,62,Damp,100,75.0
MOH,4-2-D,Canaan Road (Site 4),,Fen,D,2,,0,0,0,0,0,0,0,0,0,0,0,0,0,"Megan Napoli, Asher Wilkinson, Assorted Volunteers",?,72.0,62,Damp,100,75.0
MOH,4-2-E,Canaan Road (Site 4),,Fen,E,2,,0,0,0,0,0,0,0,0,0,0,0,0,0,"Megan Napoli, Asher Wilkinson, Assorted Volunteers",?,72.0,62,Damp,100,75.0
MOH,4-2-F,Canaan Road (Site 4),,Fen,F,2,,0,0,0,0,0,0,0,0,0,0,0,0,0,"Megan Napoli, Asher Wilkinson, Assorted Volunteers",?,72.0,62,Damp,100,75.0
MOH,4-2-G,Canaan Road (Site 4),,Fen,G,2,,0,0,0,0,0,0,0,0,0,0,0,0,0,"Megan Napoli, Asher Wilkinson, Assorted Volunteers",?,72.0,62,Damp,100,75.0
MOH,4-2-H,Canaan Road (Site 4),,Fen,H,2,,0,0,0,0,0,0,0,0,0,0,0,0,0,"Megan Napoli, Asher Wilkinson, Assorted Volunteers",?,72.0,62,Damp,100,75.0
MOH,4-2-I,Canaan Road (Site 4),,Fen,I,2,,0,0,0,0,0,0,0,0,0,0,0,0,0,"Megan Napoli, Asher Wilkinson, Assorted Volunteers",?,72.0,62,Damp,100,75.0
MOH,4-2-J,Canaan Road (Site 4),,Fen,J,2,,0,0,0,0,0,0,0,0,0,0,0,0,0,"Megan Napoli, Asher Wilkinson, Assorted Volunteers",?,72.0,62,Damp,100,75.0
MOH,4-3-A,Canaan Road (Site 4),,Roadside,A,3,,0,0,0,0,0,0,0,0,0,0,0,0,0,"Megan Napoli, Asher Wilkinson, Assorted Volunteers",?,72.0,62,Damp,101,25.0
MOH,4-3-B,Canaan Road (Site 4),,Roadside,B,3,,0,0,0,0,0,0,0,0,0,0,0,0,0,"Megan Napoli, Asher Wilkinson, Assorted Volunteers",?,72.0,62,Damp,102,25.0
MOH,4-3-C,Canaan Road (Site 4),,Roadside,C,3,,0,0,0,0,0,0,0,0,0,0,0,0,0,"Megan Napoli, Asher Wilkinson, Assorted Volunteers",?,72.0,62,Damp,103,25.0
MOH,4-3-D,Canaan Road (Site 4),,Roadside,D,3,,0,0,0,0,0,0,0,0,0,0,0,0,0,"Megan Napoli, Asher Wilkinson, Assorted Volunteers",?,72.0,62,Damp,104,25.0
MOH,4-3-E,Canaan Road (Site 4),,Roadside,E,3,,0,0,0,0,0,0,0,0,0,0,0,0,0,"Megan Napoli, Asher Wilkinson, Assorted Volunteers",?,72.0,62,Damp,105,25.0
MOH,4-3-F,Canaan Road (Site 4),,Roadside,F,3,,0,0,0,0,0,0,0,0,0,0,0,0,0,"Megan Napoli, Asher Wilkinson, Assorted Volunteers",?,72.0,62,Damp,106,25.0
MOH,4-3-G,Canaan Road (Site 4),,Roadside,G,3,,0,0,0,0,0,0,0,0,0,0,0,0,0,"Megan Napoli, Asher Wilkinson, Assorted Volunteers",?,72.0,62,Damp,107,25.0
MOH,4-3-H,Canaan Road (Site 4),,Roadside,H,3,,0,0,0,0,0,0,0,0,0,0,0,0,0,"Megan Napoli, Asher Wilkinson, Assorted Volunteers",?,72.0,62,Damp,108,25.0
MOH,4-3-I,Canaan Road (Site 4),,Roadside,I,3,,0,0,0,0,0,0,0,0,0,0,0,0,0,"Megan Napoli, Asher Wilkinson, Assorted Volunteers",?,72.0,62,Damp,109,25.0
MOH,4-3-J,Canaan Road (Site 4),,Roadside,J,3,,0,0,0,0,0,0,0,0,0,0,0,0,0,"Megan Napoli, Asher Wilkinson, Assorted Volunteers",?,72.0,62,Damp,110,25.0
MOH,4-4-A,Canaan Road (Site 4),,Roadside,A,4,,0,0,0,0,0,0,0,0,0,0,0,0,0,"Megan Napoli, Asher Wilkinson, Assorted Volunteers",?,72.0,62,Damp,111,25.0
MOH,4-4-B,Canaan Road (Site 4),,Roadside,B,4,,0,0,0,0,0,0,0,0,0,0,0,0,0,"Megan Napoli, Asher Wilkinson, Assorted Volunteers",?,72.0,62,Damp,112,25.0
MOH,4-4-C,Canaan Road (Site 4),,Roadside,C,4,,0,0,0,0,0,0,0,0,0,0,0,0,0,"Megan Napoli, Asher Wilkinson, Assorted Volunteers",?,72.0,62,Damp,113,25.0
MOH,4-4-D,Canaan Road (Site 4),,Roadside,D,4,,0,0,0,0,0,0,0,0,0,0,0,0,0,"Megan Napoli, Asher Wilkinson, Assorted Volunteers",?,72.0,62,Damp,114,25.0
MOH,4-4-E,Canaan Road (Site 4),,Roadside,E,4,,0,0,0,0,0,0,0,0,0,0,0,0,0,"Megan Napoli, Asher Wilkinson, Assorted Volunteers",?,72.0,62,Damp,115,25.0
MOH,4-4-F,Canaan Road (Site 4),,Roadside,F,4,,0,0,0,0,0,0,0,0,0,0,0,0,0,"Megan Napoli, Asher Wilkinson, Assorted Volunteers",?,72.0,62,Damp,116,25.0
MOH,4-4-G,Canaan Road (Site 4),,Roadside,G,4,,0,0,0,0,0,0,0,0,0,0,0,0,0,"Megan Napoli, Asher Wilkinson, Assorted Volunteers",?,72.0,62,Damp,117,25.0
MOH,4-4-H,Canaan Road (Site 4),,Roadside,H,4,,0,0,0,0,0,0,0,0,0,0,0,0,0,"Megan Napoli, Asher Wilkinson, Assorted Volunteers",?,72.0,62,Damp,118,25.0
MOH,4-4-I,Canaan Road (Site 4),,Roadside,I,4,,0,0,0,0,0,0,0,0,0,0,0,0,0,"Megan Napoli, Asher Wilkinson, Assorted Volunteers",?,72.0,62,Damp,119,25.0
MOH,4-4-J,Canaan Road (Site 4),,Roadside,J,4,,0,0,0,0,0,0,0,0,0,0,0,0,0,"Megan Napoli, Asher Wilkinson, Assorted Volunteers",?,72.0,62,Damp,120,25.0
MRG,120A,MRG3,1,Fence,0,A,10.0,0,0,0,0,0,0,0,0,0,0,0,0,0,,,,,,,
MRG,120B,MRG3,1,Fence,0,B,10.0,0,0,0,0,0,0,0,0,0,0,0,0,0,,,,,,,
MRG,120C,MRG3,1,Fence,0,C,10.0,0,0,0,0,0,0,0,0,0,0,0,0,0,,,,,,,
MRG,120D,MRG3,1,Fence,0,D,10.0,0,0,0,0,0,0,0,0,0,0,0,0,0,,,,,,,
MRG,120E,MRG3,1,Fence,0,E,10.0,0,0,0,0,0,0,0,0,0,0,0,0,0,,,,,,,
MRG,120F,MRG3,1,Fence,0,F,10.0,0,0,0,0,0,0,0,0,0,0,0,0,0,,,,,,,
MRG,121A,MRG3,1,Fence,1,A,10.0,0,0,0,0,0,0,0,0,0,0,0,0,0,,,,,,,
MRG,121B,MRG3,1,Fence,1,B,10.0,0,0,0,0,0,0,0,0,0,0,0,0,0,,,,,,,
MRG,121C,MRG3,1,Fence,1,C,10.0,0,0,0,0,0,0,0,0,0,0,0,0,0,,,,,,,
MRG,121D,MRG3,1,Fence,1,D,10.0,0,0,0,0,0,0,0,0,0,0,0,0,0,,,,,,,
MRG,121E,MRG3,1,Fence,1,E,10.0,0,0,0,0,0,0,0,0,0,0,0,0,0,,,,,,,
MRG,121F,MRG3,1,Fence,1,F,10.0,0,0,0,0,0,0,0,0,0,0,0,0,0,,,,,,,
MRG,122A,MRG3,1,Fence,2,A,10.0,0,0,0,0,0,0,0,0,0,0,0,0,0,,,,,,,
MRG,122B,MRG3,1,Fence,2,B,10.0,0,0,0,0,0,0,0,0,0,0,0,0,0,,,,,,,
MRG,122C,MRG3,1,Fence,2,C,10.0,0,0,0,0,0,0,0,0,0,0,0,0,0,,,,,,,
MRG,122D,MRG3,1,Fence,2,D,10.0,0,0,0,0,0,0,0,0,0,0,0,0,0,,,,,,,
MRG,122E,MRG3,1,Fence,2,E,10.0,0,0,0,0,0,0,0,0,0,0,0,0,0,,,,,,,
MRG,122F,MRG3,1,Fence,2,F,10.0,0,0,0,0,0,0,0,0,0,0,0,0,0,,,,,,,
MRG,123A,MRG3,1,Fence,3,A,10.0,0,0,0,0,0,0,0,0,0,0,0,0,0,,,,,,,
MRG,123B,MRG3,1,Fence,3,B,10.0,0,0,0,0,0,0,0,0,0,0,0,0,0,,,,,,,
MRG,123C,MRG3,1,Fence,3,C,10.0,0,0,0,0,0,0,0,0,0,0,0,0,0,,,,,,,
MRG,123D,MRG3,1,Fence,3,D,10.0,0,0,0,0,0,0,0,0,0,0,0,0,0,,,,,,,
MRG,123E,MRG3,1,Fence,3,E,10.0,0,0,0,0,0,0,0,0,0,0,0,0,0,,,,,,,
MRG,123F,MRG3,1,Fence,3,F,10.0,0,0,0,0,0,0,0,0,0,0,0,0,0,,,,,,,
MRG,124A,MRG3,1,Fence,4,A,10.0,0,0,0,0,0,0,0,0,0,0,0,0,0,,,,,,,
MRG,124B,MRG3,1,Fence,4,B,10.0,0,0,0,0,0,0,0,0,0,0,0,0,0,,,,,,,
MRG,124C,MRG3,1,Fence,4,C,10.0,0,0,0,0,0,0,0,0,0,0,0,0,0,,,,,,,
MRG,124D,MRG3,1,Fence,4,D,10.0,0,0,0,0,0,0,0,0,0,0,0,0,0,,,,,,,
MRG,124E,MRG3,1,Fence,4,E,10.0,0,0,0,0,0,0,0,0,0,0,0,0,0,,,,,,,
MRG,124F,MRG3,1,Fence,4,F,10.0,0,0,0,0,0,0,0,0,0,0,0,0,0,,,,,,,
MRG,110A,MRG3,1,Unf,0,A,10.0,0,0,0,0,0,0,0,0,0,0,0,0,0,,,,,,,
MRG,110B,MRG3,1,Unf,0,B,10.0,0,0,0,0,0,0,0,0,0,0,0,0,0,,,,,,,
MRG,110C,MRG3,1,Unf,0,C,10.0,0,0,0,0,0,0,0,0,0,0,0,0,0,,,,,,,
MRG,110D,MRG3,1,Unf,0,D,10.0,0,0,0,0,0,0,0,0,0,0,0,0,0,,,,,,,
MRG,110E,MRG3,1,Unf,0,E,10.0,0,0,0,0,0,0,0,0,0,0,0,0,0,,,,,,,
MRG,110F,MRG3,1,Unf,0,F,10.0,0,0,0,0,0,0,0,0,0,0,0,0,0,,,,,,,
MRG,111A,MRG3,1,Unf,1,A,10.0,0,0,0,0,0,0,0,0,0,0,0,0,0,,,,,,,
MRG,111B,MRG3,1,Unf,1,B,10.0,0,0,0,0,0,0,0,0,0,0,0,0,0,,,,,,,
MRG,111C,MRG3,1,Unf,1,C,10.0,0,0,0,0,0,0,0,0,0,0,0,0,0,,,,,,,
MRG,111D,MRG3,1,Unf,1,D,10.0,0,0,0,0,0,0,0,0,0,0,0,0,0,,,,,,,
MRG,111E,MRG3,1,Unf,1,E,10.0,0,0,0,0,0,0,0,0,0,0,0,0,0,,,,,,,
MRG,111F,MRG3,1,Unf,1,F,10.0,0,0,0,0,0,0,0,0,0,0,0,0,0,,,,,,,
MRG,112A,MRG3,1,Unf,2,A,10.0,0,0,0,0,0,0,0,0,0,0,0,0,0,,,,,,,
MRG,112B,MRG3,1,Unf,2,B,10.0,0,0,0,0,0,0,0,0,0,0,0,0,0,,,,,,,
MRG,112C,MRG3,1,Unf,2,C,10.0,0,0,0,0,0,0,0,0,0,0,0,0,0,,,,,,,
MRG,112D,MRG3,1,Unf,2,D,10.0,0,0,0,0,0,0,0,0,0,0,0,0,0,,,,,,,
MRG,112E,MRG3,1,Unf,2,E,10.0,0,0,0,0,0,0,0,0,0,0,0,0,0,,,,,,,
MRG,112F,MRG3,1,Unf,2,F,10.0,0,0,0,0,0,0,0,0,0,0,0,0,0,,,,,,,
MRG,113A,MRG3,1,Unf,3,A,10.0,0,0,0,0,0,0,0,0,0,0,0,0,0,,,,,,,
MRG,113B,MRG3,1,Unf,3,B,10.0,0,0,0,0,0,0,0,0,0,0,0,0,0,,,,,,,
MRG,113C,MRG3,1,Unf,3,C,10.0,0,0,0,0,0,0,0,0,0,0,0,0,0,,,,,,,
MRG,113D,MRG3,1,Unf,3,D,10.0,0,0,0,0,0,0,0,0,0,0,0,0,0,,,,,,,
MRG,113E,MRG3,1,Unf,3,E,10.0,0,0,0,0,0,0,0,0,0,0,0,0,0,,,,,,,
MRG,113F,MRG3,1,Unf,3,F,10.0,0,0,0,0,0,0,0,0,0,0,0,0,0,,,,,,,
MRG,114A,MRG3,1,Unf,4,A,10.0,0,0,0,0,0,0,0,0,0,0,0,0,0,,,,,,,
MRG,114B,MRG3,1,Unf,4,B,10.0,0,0,0,0,0,0,0,0,0,0,0,0,0,,,,,,,
MRG,114C,MRG3,1,Unf,4,C,10.0,0,0,0,0,0,0,0,0,0,0,0,0,0,,,,,,,
MRG,114D,MRG3,1,Unf,4,D,10.0,0,0,0,0,0,0,0,0,0,0,0,0,0,,,,,,,
MRG,114E,MRG3,1,Unf,4,E,10.0,0,0,0,0,0,0,0,0,0,0,0,0,0,,,,,,,
MRG,114F,MRG3,1,Unf,4,F,10.0,0,0,0,0,0,0,0,0,0,0,0,0,0,,,,,,,
MRG,220A,MRG3,2,Fence,0,A,10.0,0,0,0,0,0,0,0,0,0,0,0,0,0,,,,,,,
MRG,220B,MRG3,2,Fence,0,B,10.0,0,0,0,0,0,0,0,0,0,0,0,0,0,,,,,,,
MRG,220C,MRG3,2,Fence,0,C,10.0,0,0,0,0,0,0,0,0,0,0,0,0,0,,,,,,,
MRG,220D,MRG3,2,Fence,0,D,10.0,0,0,0,0,0,0,0,0,0,0,0,0,0,,,,,,,
MRG,220E,MRG3,2,Fence,0,E,10.0,0,0,0,0,0,0,0,0,0,0,0,0,0,,,,,,,
MRG,220F,MRG3,2,Fence,0,F,10.0,0,0,0,0,0,0,0,0,0,0,0,0,0,,,,,,,
MRG,220G,MRG3,2,Fence,0,G,10.0,0,0,0,0,0,0,0,0,0,0,0,0,0,,,,,,,
MRG,220H,MRG3,2,Fence,0,H,10.0,0,0,0,0,0,0,0,0,0,0,0,0,0,,,,,,,
MRG,221A,MRG3,2,Fence,1,A,10.0,0,0,0,0,0,0,0,0,0,0,0,0,0,,,,,,,
MRG,221B,MRG3,2,Fence,1,B,10.0,0,0,0,0,0,0,0,0,0,0,0,0,0,,,,,,,
MRG,221C,MRG3,2,Fence,1,C,10.0,0,0,0,0,0,0,0,0,0,0,0,0,0,,,,,,,
MRG,221D,MRG3,2,Fence,1,D,10.0,1,1,0,0,1,0,0,0,0,0,0,0,0,,,,,,,
MRG,221E,MRG3,2,Fence,1,E,10.0,0,0,0,0,0,0,0,0,0,0,0,0,0,,,,,,,
MRG,221F,MRG3,2,Fence,1,F,10.0,0,0,0,0,0,0,0,0,0,0,0,0,0,,,,,,,
MRG,221G,MRG3,2,Fence,1,G,10.0,0,0,0,0,0,0,0,0,0,0,0,0,0,,,,,,,
MRG,221H,MRG3,2,Fence,1,H,10.0,0,0,0,0,0,0,0,0,0,0,0,0,0,,,,,,,
MRG,222A,MRG3,2,Fence,2,A,10.0,0,0,0,0,0,0,0,0,0,0,0,0,0,,,,,,,
MRG,222B,MRG3,2,Fence,2,B,10.0,0,0,0,0,0,0,0,0,0,0,0,0,0,,,,,,,
MRG,222C,MRG3,2,Fence,2,C,10.0,0,0,0,0,0,0,0,0,0,0,0,0,0,,,,,,,
MRG,222D,MRG3,2,Fence,2,D,10.0,0,0,0,0,0,0,0,0,0,0,0,0,0,,,,,,,
MRG,222E,MRG3,2,Fence,2,E,10.0,0,0,0,0,0,0,0,0,0,0,0,0,0,,,,,,,
MRG,222F,MRG3,2,Fence,2,F,10.0,0,0,0,0,0,0,0,0,0,0,0,0,0,,,,,,,
MRG,222G,MRG3,2,Fence,2,G,10.0,0,0,0,0,0,0,0,0,0,0,0,0,0,,,,,,,
MRG,222H,MRG3,2,Fence,2,H,10.0,0,0,0,0,0,0,0,0,0,0,0,0,0,,,,,,,
MRG,223A,MRG3,2,Fence,3,A,10.0,0,0,0,0,0,0,0,0,0,0,0,0,0,,,,,,,
MRG,223B,MRG3,2,Fence,3,B,10.0,0,0,0,0,0,0,0,0,0,0,0,0,0,,,,,,,
MRG,223C,MRG3,2,Fence,3,C,10.0,0,0,0,0,0,0,0,0,0,0,0,0,0,,,,,,,
MRG,223D,MRG3,2,Fence,3,D,10.0,0,0,0,0,0,0,0,0,0,0,0,0,0,,,,,,,
MRG,223E,MRG3,2,Fence,3,E,10.0,0,0,0,0,0,0,0,0,0,0,0,0,0,,,,,,,
MRG,223F,MRG3,2,Fence,3,F,10.0,0,0,0,0,0,0,0,0,0,0,0,0,0,,,,,,,
MRG,223G,MRG3,2,Fence,3,G,10.0,0,0,0,0,0,0,0,0,0,0,0,0,0,,,,,,,
MRG,223H,MRG3,2,Fence,3,H,10.0,0,0,0,0,0,0,0,0,0,0,0,0,0,,,,,,,
MRG,224A,MRG3,2,Fence,4,A,10.0,0,0,0,0,0,0,0,0,0,0,0,0,0,,,,,,,
MRG,224B,MRG3,2,Fence,4,B,10.0,0,0,0,0,0,0,0,0,0,0,0,0,0,,,,,,,
MRG,224C,MRG3,2,Fence,4,C,10.0,0,0,0,0,0,0,0,0,0,0,0,0,0,,,,,,,
MRG,224D,MRG3,2,Fence,4,D,10.0,0,0,0,0,0,0,0,0,0,0,0,0,0,,,,,,,
MRG,224E,MRG3,2,Fence,4,E,10.0,0,0,0,0,0,0,0,0,0,0,0,0,0,,,,,,,
MRG,224F,MRG3,2,Fence,4,F,10.0,0,0,0,0,0,0,0,0,0,0,0,0,0,,,,,,,
MRG,224G,MRG3,2,Fence,4,G,10.0,0,0,0,0,0,0,0,0,0,0,0,0,0,,,,,,,
MRG,224H,MRG3,2,Fence,4,H,10.0,0,0,0,0,0,0,0,0,0,0,0,0,0,,,,,,,
MRG,210A,MRG3,2,Unf,0,A,10.0,0,0,0,0,0,0,0,0,0,0,0,0,0,,,,,,,
MRG,210B,MRG3,2,Unf,0,B,10.0,0,0,0,0,0,0,0,0,0,0,0,0,0,,,,,,,
MRG,210C,MRG3,2,Unf,0,C,10.0,0,0,0,0,0,0,0,0,0,0,0,0,0,,,,,,,
MRG,210D,MRG3,2,Unf,0,D,10.0,0,0,0,0,0,0,0,0,0,0,0,0,0,,,,,,,
MRG,210E,MRG3,2,Unf,0,E,10.0,0,0,0,0,0,0,0,0,0,0,0,0,0,,,,,,,
MRG,210F,MRG3,2,Unf,0,F,10.0,0,0,0,0,0,0,0,0,0,0,0,0,0,,,,,,,
MRG,210G,MRG3,2,Unf,0,G,10.0,0,0,0,0,0,0,0,0,0,0,0,0,0,,,,,,,
MRG,210H,MRG3,2,Unf,0,H,10.0,0,0,0,0,0,0,0,0,0,0,0,0,0,,,,,,,
MRG,211A,MRG3,2,Unf,1,A,10.0,0,0,0,0,0,0,0,0,0,0,0,0,0,,,,,,,
MRG,211B,MRG3,2,Unf,1,B,10.0,0,0,0,0,0,0,0,0,0,0,0,0,0,,,,,,,
MRG,211C,MRG3,2,Unf,1,C,10.0,0,0,0,0,0,0,0,0,0,0,0,0,0,,,,,,,
MRG,211D,MRG3,2,Unf,1,D,10.0,0,0,0,0,0,0,0,0,0,0,0,0,0,,,,,,,
MRG,211E,MRG3,2,Unf,1,E,10.0,0,0,0,0,0,0,0,0,0,0,0,0,0,,,,,,,
MRG,211F,MRG3,2,Unf,1,F,10.0,1,1,0,0,1,0,0,0,0,0,0,0,0,,,,,,,"2 on sheet, 1 in tube"
MRG,211G,MRG3,2,Unf,1,G,10.0,0,0,0,0,0,0,0,0,0,0,0,0,0,,,,,,,
MRG,211H,MRG3,2,Unf,1,H,10.0,0,0,0,0,0,0,0,0,0,0,0,0,0,,,,,,,
MRG,212A,MRG3,2,Unf,2,A,10.0,1,1,0,0,1,0,0,0,0,0,0,0,0,,,,,,,
MRG,212B,MRG3,2,Unf,2,B,10.0,7,7,0,0,7,0,0,0,0,0,0,0,0,,,,,,,
MRG,212C,MRG3,2,Unf,2,C,10.0,1,1,0,0,1,0,0,0,0,0,0,0,0,,,,,,,
MRG,212D,MRG3,2,Unf,2,D,10.0,1,1,0,0,1,0,0,0,0,0,0,0,0,,,,,,,
MRG,212E,MRG3,2,Unf,2,E,10.0,0,0,0,0,0,0,0,0,0,0,0,0,0,,,,,,,
MRG,212F,MRG3,2,Unf,2,F,10.0,2,2,0,0,2,0,0,0,0,0,0,0,0,,,,,,,
MRG,212G,MRG3,2,Unf,2,G,10.0,0,0,0,0,0,0,0,0,0,0,0,0,0,,,,,,,
MRG,212H,MRG3,2,Unf,2,H,10.0,0,0,0,0,0,0,0,0,0,0,0,0,0,,,,,,,
MRG,213A,MRG3,2,Unf,3,A,10.0,0,0,0,0,0,0,0,0,0,0,0,0,0,,,,,,,
MRG,213B,MRG3,2,Unf,3,B,10.0,2,2,0,0,2,0,0,0,0,0,0,0,0,,,,,,,
MRG,213C,MRG3,2,Unf,3,C,10.0,3,3,0,0,3,0,0,0,0,0,0,0,0,,,,,,,
MRG,213D,MRG3,2,Unf,3,D,10.0,0,0,0,0,0,0,0,0,0,0,0,0,0,,,,,,,
MRG,213E,MRG3,2,Unf,3,E,10.0,0,0,0,0,0,0,0,0,0,0,0,0,0,,,,,,,
MRG,213F,MRG3,2,Unf,3,F,10.0,1,1,0,0,1,0,0,0,0,0,0,0,0,,,,,,,
MRG,213G,MRG3,2,Unf,3,G,10.0,0,0,0,0,0,0,0,0,0,0,0,0,0,,,,,,,
MRG,213H,MRG3,2,Unf,3,H,10.0,5,5,0,0,5,0,0,0,0,0,0,0,0,,,,,,,
MRG,214A,MRG3,2,Unf,4,A,10.0,2,2,0,1,1,0,0,0,0,0,0,0,0,,,,,,,
MRG,214B,MRG3,2,Unf,4,B,10.0,1,1,0,0,1,0,0,0,0,0,0,0,0,,,,,,,
MRG,214C,MRG3,2,Unf,4,C,10.0,22,3,0,0,3,0,0,0,0,19,0,19,0,,,,,,,
MRG,214D,MRG3,2,Unf,4,D,10.0,0,0,0,0,0,0,0,0,0,0,0,0,0,,,,,,,
MRG,214E,MRG3,2,Unf,4,E,10.0,0,0,0,0,0,0,0,0,0,0,0,0,0,,,,,,,
MRG,214F,MRG3,2,Unf,4,F,10.0,0,0,0,0,0,0,0,0,0,0,0,0,0,,,,,,,
MRG,214G,MRG3,2,Unf,4,G,10.0,2,2,0,0,2,0,0,0,0,0,0,0,0,,,,,,,
MRG,214H,MRG3,2,Unf,4,H,10.0,13,13,0,0,13,0,0,0,0,0,0,0,0,,,,,,,
MRG,FR32SA,MRG3,FR3,Trailside,S,A,10.0,0,0,0,0,0,0,0,0,0,0,0,0,0,,,,,,,South
MRG,FR32SB,MRG3,FR3,Trailside,S,B,10.0,0,0,0,0,0,0,0,0,0,0,0,0,0,,,,,,,South
MRG,FR32SC,MRG3,FR3,Trailside,S,C,10.0,0,0,0,0,0,0,0,0,0,0,0,0,0,,,,,,,South
MRG,FR32SD,MRG3,FR3,Trailside,S,D,10.0,0,0,0,0,0,0,0,0,0,0,0,0,0,,,,,,,South
MRG,FR32SE,MRG3,FR3,Trailside,S,E,10.0,0,0,0,0,0,0,0,0,0,0,0,0,0,,,,,,,South
MRG,FR32SF,MRG3,FR3,Trailside,S,F,10.0,0,0,0,0,0,0,0,0,0,0,0,0,0,,,,,,,South
MRG,FR32SG,MRG3,FR3,Trailside,S,G,10.0,0,0,0,0,0,0,0,0,0,0,0,0,0,,,,,,,South
MRG,FR32SH,MRG3,FR3,Trailside,S,H,10.0,0,0,0,0,0,0,0,0,0,0,0,0,0,,,,,,,South
MRG,FR32NA,MRG3,FR3,Trailside,N,A,10.0,0,0,0,0,0,0,0,0,0,0,0,0,0,,,,,,,north
MRG,FR32NB,MRG3,FR3,Trailside,N,B,10.0,0,0,0,0,0,0,0,0,0,0,0,0,0,,,,,,,north
MRG,FR32NC,MRG3,FR3,Trailside,N,C,10.0,0,0,0,0,0,0,0,0,0,0,0,0,0,,,,,,,north
MRG,FR32ND,MRG3,FR3,Trailside,N,D,10.0,0,0,0,0,0,0,0,0,0,0,0,0,0,,,,,,,north
MRG,FR32NE,MRG3,FR3,Trailside,N,E,10.0,0,0,0,0,0,0,0,0,0,0,0,0,0,,,,,,,north
MRG,FR32NF,MRG3,FR3,Trailside,N,F,10.0,0,0,0,0,0,0,0,0,0,0,0,0,0,,,,,,,north
MRG,FR32NG,MRG3,FR3,Trailside,N,G,10.0,0,0,0,0,0,0,0,0,0,0,0,0,0,,,,,,,north
MRG,FR32NH,MRG3,FR3,Trailside,N,H,10.0,0,0,0,0,0,0,0,0,0,0,0,0,0,,,,,,,north
MRG,YT2EA,MRG3,YT,Trailside,E,A,10.0,0,0,0,0,0,0,0,0,0,0,0,0,0,,,,,,,west
MRG,YT2EB,MRG3,YT,Trailside,E,B,10.0,0,0,0,0,0,0,0,0,0,0,0,0,0,,,,,,,west
MRG,YT2EC,MRG3,YT,Trailside,E,C,10.0,3,3,0,0,3,0,0,0,0,0,0,0,0,,,,,,,"west; 1 on sheet, 3 in tube"
MRG,YT2ED,MRG3,YT,Trailside,E,D,10.0,0,0,0,0,0,0,0,0,0,0,0,0,0,,,,,,,west
MRG,YT2EE,MRG3,YT,Trailside,E,E,10.0,7,7,0,0,7,0,0,0,0,0,0,0,0,,,,,,,west
MRG,YT2EF,MRG3,YT,Trailside,E,F,10.0,1,1,1,0,0,0,0,0,0,0,0,0,0,,,,,,,west
MRG,YT2EG,MRG3,YT,Trailside,E,G,10.0,0,0,0,0,0,0,0,0,0,0,0,0,0,,,,,,,west
MRG,YT2EH,MRG3,YT,Trailside,E,H,10.0,0,0,0,0,0,0,0,0,0,0,0,0,0,,,,,,,west
MRG,YT2WA,MRG3,YT,Trailside,W,A,10.0,1,1,0,0,1,0,0,0,0,0,0,0,0,,,,,,,east
MRG,YT2WB,MRG3,YT,Trailside,W,B,10.0,0,0,0,0,0,0,0,0,0,0,0,0,0,,,,,,,east
MRG,YT2WC,MRG3,YT,Trailside,W,C,10.0,0,0,0,0,0,0,0,0,0,0,0,0,0,,,,,,,east
MRG,YT2WD,MRG3,YT,Trailside,W,D,10.0,1,1,0,0,1,0,0,0,0,0,0,0,0,,,,,,,east
MRG,YT2WE,MRG3,YT,Trailside,W,E,10.0,3,3,0,0,3,0,0,0,0,0,0,0,0,,,,,,,"east; 4 on sheet, 3 in tube"
MRG,YT2WF,MRG3,YT,Trailside,W,F,10.0,0,0,0,0,0,0,0,0,0,0,0,0,0,,,,,,,east
MRG,YT2WG,MRG3,YT,Trailside,W,G,10.0,0,0,0,0,0,0,0,0,0,0,0,0,0,,,,,,,east
MRG,YT2WH,MRG3,YT,Trailside,W,H,10.0,0,0,0,0,0,0,0,0,0,0,0,0,0,,,,,,,east
